Layer,Pressure,n,stdev,error
-7,54.4,8,0.817662,0.289087172
-6,65.8,6,1.558204,0.636134119
-5,73.9,5,1.905256,0.852056386
-4,82.6,6,2.083267,0.850490191
-2.5,91.1,7,5.447324,2.058894945
-0.5,97.657,7,3.529805,1.334140887
1.5,96.5,6,3.058758,1.248732724
3.5,84.05,8,6.416719,2.268652759
6,56.9,8,11.92045,4.214515515
